ms,read
165007,101167
165050,101166
165093,101172
165136,101177
165179,101193
165222,101207
165265,101220
165308,101235
165351,101246
165394,101251
165437,101257
165480,101265
165523,101266
165566,101272
165609,101267
165652,101261
165695,101253
165738,101250
165781,101230
165824,101215
165867,101201
165910,101163
165953,101133
165996,101117
166039,101113
166082,101121
166125,101116
166168,101130
166211,101126
166254,101154
166297,101183
166340,101210
166383,101232
166426,101244
166469,101267
166512,101284
166555,101285
166598,101292
166641,101292
166684,101290
166727,101281
166770,101269
166813,101250
166856,101220
166899,101198
166942,101159
166985,101114
167028,101086
167071,101069
167114,101066
167157,101074
167200,101084
167243,101078
167286,101106
167329,101142
167372,101193
167415,101222
167458,101250
167501,101277
167544,101296
167587,101300
167630,101307
167673,101310
167716,101303
167759,101295
167802,101284
167845,101252
167888,101218
167931,101187
167974,101149
168017,101108
168060,101087
168103,101095
168146,101092
168189,101102
168232,101107
168275,101123
168318,101150
168361,101184
168404,101208
168447,101244
168490,101275
168533,101291
168576,101303
168619,101306
168662,101300
168705,101298
168748,101290
168791,101282
168834,101254
168877,101230
168920,101209
168963,101175
169006,101143
169049,101120
169092,101112
169135,101104
169178,101107
169221,101107
169264,101114
169307,101140
169350,101172
169393,101206
169436,101225
169479,101258
169522,101279
169565,101297
169608,101314
169651,101299
169694,101297
169737,101280
169780,101271
169823,101249
169866,101209
169909,101168
169952,101131
169995,101112
170038,101099
170081,101094
170124,101095
170167,101100
170210,101109
170253,101136
170296,101174
170339,101205
170382,101235
170425,101265
170468,101291
170511,101293
170554,101303
170597,101308
170640,101303
170683,101296
170726,101274
170769,101237
170812,101207
170855,101174
170898,101136
170941,101102
170984,101091
171027,101092
171070,101099
171113,101124
171156,101146
171199,101174
171242,101201
171285,101222
171328,101243
171371,101269
171414,101286
171457,101289
171500,101291
171543,101273
171586,101267
171629,101254
171672,101231
171715,101217
171758,101201
171801,101187
171844,101162
171887,101140
171930,101153
171973,101150
172016,101149
172059,101149
172102,101157
172145,101166
172188,101190
172231,101211
172274,101221
172317,101233
172360,101245
172403,101253
172446,101262
172489,101267
172532,101263
172575,101253
172618,101246
172661,101235
172704,101218
172747,101208
172790,101176
172833,101148
172876,101137
172919,101129
172962,101125
173005,101129
173048,101142
173091,101153
173134,101177
173177,101213
173220,101220
173263,101238
173306,101251
173349,101258
173392,101266
173435,101267
173478,101260
173521,101270
173564,101258
173607,101252
173650,101239
173693,101219
173736,101209
173779,101180
173822,101147
173865,101136
173908,101135
173951,101136
173994,101135
174037,101153
174080,101181
174123,101196
174166,101214
174209,101224
174252,101234
174295,101241
174338,101253
174381,101248
174424,101255
174467,101258
174510,101265
174553,101254
174596,101249
174639,101236
174682,101224
174725,101212
174768,101208
174811,101181
174854,101161
174897,101151
174940,101140
174983,101145
175026,101151
175069,101165
175112,101182
175155,101204
175198,101214
175241,101224
175284,101237
175327,101254
175370,101258
175413,101264
175456,101269
175499,101263
175542,101261
175585,101254
175628,101248
175671,101229
175714,101222
175757,101211
175800,101194
175843,101167
175886,101143
175929,101135
175972,101139
176015,101145
176058,101150
176101,101162
176144,101173
176187,101203
176230,101217
176273,101230
176316,101234
176359,101255
176402,101264
176445,101262
176488,101258
176531,101255
176574,101261
176617,101258
176660,101246
176703,101231
176746,101223
176789,101212
176832,101206
176875,101189
176918,101171
176961,101165
177004,101156
177047,101144
177090,101148
177133,101147
177176,101156
177219,101177
177262,101195
177305,101209
177348,101224
177391,101248
177434,101261
177477,101263
177520,101261
177563,101272
177606,101260
177649,101257
177692,101246
177735,101246
177778,101228
177821,101202
177864,101167
177907,101137
177950,101133
177993,101133
178036,101144
178079,101148
178122,101156
178165,101171
178208,101198
178251,101210
178294,101218
178337,101227
178380,101241
178423,101253
178466,101257
178509,101253
178552,101256
178595,101256
178638,101248
178681,101236
178724,101220
178767,101213
178810,101203
178853,101191
178896,101172
178939,101149
178982,101152
179025,101153
179068,101158
179111,101167
179154,101174
179197,101197
179240,101213
179283,101220
179326,101233
179369,101247
179412,101256
179455,101260
179498,101267
179541,101267
179584,101261
179627,101263
179670,101249
179713,101237
179756,101221
179799,101207
179842,101186
179885,101159
179928,101149
179971,101137
180014,101137
180057,101140
180100,101140
180143,101160
180186,101175
180229,101206
180272,101217
180315,101239
180358,101254
180401,101266
180444,101274
180487,101276
180530,101268
180573,101266
180616,101256
180659,101243
180702,101233
180745,101223
180788,101205
180831,101187
180874,101165
180917,101139
180960,101127
181003,101120
181046,101134
181089,101154
181132,101160
181175,101171
181218,101188
181261,101208
181304,101206
181347,101218
181390,101230
181433,101235
181476,101238
181519,101233
181562,101233
181605,101232
181648,101230
181691,101224
181734,101214
181777,101206
181820,101206
181863,101199
181906,101197
181949,101190
181992,101189
182035,101182
182078,101195
182121,101198
182164,101209
182207,101218
182250,101224
182293,101215
182336,101227
182379,101229
182422,101228
182465,101229
182508,101234
182551,101229
182594,101224
182637,101224
182680,101223
182723,101212
182766,101205
182809,101183
182852,101168
182895,101164
182938,101155
182981,101164
183024,101164
183067,101171
183110,101183
183153,101204
183196,101214
183239,101218
183282,101234
183325,101240
183368,101247
183411,101252
183454,101246
183497,101246
183540,101247
183583,101242
183626,101234
183669,101225
183712,101213
183755,101212
183798,101194
183841,101173
183884,101164
183927,101156
183970,101145
184013,101147
184056,101145
184099,101163
184142,101184
184185,101213
184228,101224
184271,101243
184314,101252
184357,101258
184400,101266
184443,101269
184486,101262
184529,101256
184572,101258
184615,101245
184658,101225
184701,101213
184744,101193
184787,101179
184830,101167
184873,101152
184916,101136
184959,101149
185002,101154
185045,101167
185088,101179
185131,101204
185174,101210
185217,101230
185260,101248
185303,101256
185346,101259
185389,101263
185432,101254
185475,101257
185518,101243
185561,101239
185604,101226
185647,101216
185690,101203
185733,101180
185776,101173
185819,101166
185862,101163
185905,101163
185948,101162
185991,101165
186034,101170
186077,101191
186120,101207
186163,101218
186206,101236
186249,101246
186292,101258
186335,101260
186378,101257
186421,101255
186464,101255
186507,101254
186550,101239
186593,101222
186636,101213
186679,101189
186722,101141
186765,101119
186808,101125
186851,101131
186894,101147
186937,101153
186980,101174
187023,101185
187066,101214
187109,101221
187152,101238
187195,101246
187238,101260
187281,101264
187324,101267
187367,101255
187410,101255
187453,101245
187496,101229
187539,101216
187582,101203
187625,101187
187668,101165
187711,101153
187754,101142
187797,101133
187840,101143
187883,101151
187926,101162
187969,101174
188012,101195
188055,101217
188098,101220
188141,101243
188184,101254
188227,101259
188270,101263
188313,101254
188356,101256
188399,101245
188442,101243
188485,101247
188528,101233
188571,101216
188614,101208
188657,101194
188700,101189
188743,101173
188786,101161
188829,101152
188872,101146
188915,101146
188958,101150
189001,101145
189044,101164
189087,101187
189130,101204
189173,101220
189216,101236
189259,101253
189302,101259
189345,101266
189388,101262
189431,101260
189474,101258
189517,101246
189560,101236
189603,101222
189646,101217
189689,101205
189732,101187
189775,101176
189818,101163
189861,101141
189904,101141
189947,101145
189990,101148
190033,101158
190076,101167
190119,101186
190162,101207
190205,101222
190248,101237
190291,101248
190334,101261
190377,101266
190420,101267
190463,101261
190506,101263
190549,101257
190592,101248
190635,101232
190678,101222
190721,101205
190764,101188
190807,101169
190850,101157
190893,101141
190936,101140
190979,101140
191022,101146
191065,101147
191108,101163
191151,101187
191194,101209
191237,101225
191280,101233
191323,101245
191366,101255
191409,101262
191452,101258
191495,101252
191538,101256
191581,101255
191624,101247
191667,101242
191710,101228
191753,101216
191796,101207
191839,101192
191882,101173
191925,101163
191968,101158
192011,101154
192054,101162
192097,101161
192140,101165
192183,101170
192226,101183
192269,101205
192312,101214
192355,101225
192398,101241
192441,101248
192484,101251
192527,101245
192570,101248
192613,101241
192656,101245
192699,101239
192742,101221
192785,101212
192828,101212
192871,101200
192914,101187
192957,101164
193000,101161
193043,101157
193086,101157
193129,101159
193172,101165
193215,101175
193258,101190
193301,101213
193344,101220
193387,101235
193430,101250
193473,101262
193516,101258
193559,101259
193602,101254
193645,101244
193688,101238
193731,101230
193774,101210
193817,101199
193860,101185
193903,101171
193946,101164
193989,101154
194032,101151
194075,101145
194118,101155
194161,101171
194204,101187
194247,101208
194290,101218
194333,101234
194376,101254
194419,101257
194462,101260
194505,101265
194548,101262
194591,101264
194634,101256
194677,101240
194720,101229
194763,101214
194806,101211
194849,101178
194892,101171
194935,101165
194978,101156
195021,101146
195064,101155
195107,101165
195150,101181
195193,101194
195236,101214
195279,101219
195322,101226
195365,101235
195408,101246
195451,101251
195494,101258
195537,101254
195580,101253
195623,101243
195666,101244
195709,101225
195752,101210
195795,101183
195838,101161
195881,101147
195924,101143
195967,101140
196010,101138
196053,101155
196096,101176
196139,101202
196182,101215
196225,101229
196268,101238
196311,101243
196354,101249
196397,101234
196440,101212
196483,101212
196526,101209
196569,101211
196612,101213
196655,101211
196698,101214
196741,101218
196784,101214
196827,101209
196870,101207
196913,101213
196956,101193
196999,101153
197042,101131
197085,101122
197128,101129
197171,101143
197214,101170
197257,101205
197300,101220
197343,101241
197386,101245
197429,101253
197472,101261
197515,101260
197558,101256
197601,101250
197644,101246
197687,101233
197730,101216
197773,101214
197816,101195
197859,101158
197902,101147
197945,101139
197988,101135
198031,101142
198074,101159
198117,101181
198160,101195
198203,101216
198246,101224
198289,101231
198332,101242
198375,101250
198418,101256
198461,101257
198504,101259
198547,101247
198590,101251
198633,101240
198676,101236
198719,101224
198762,101216
198805,101203
198848,101183
198891,101164
198934,101148
198977,101133
199020,101140
199063,101148
199106,101155
199149,101179
199192,101204
199235,101218
199278,101231
199321,101248
199364,101264
199407,101275
199450,101281
199493,101283
199536,101277
199579,101269
199622,101263
199665,101247
199708,101220
199751,101213
199794,101178
199837,101144
199880,101128
199923,101121
199966,101125
200009,101128
200052,101145
200095,101180
200138,101210
200181,101225
200224,101238
200267,101249
200310,101251
200353,101263
200396,101261
200439,101251
200482,101247
200525,101246
200568,101243
200611,101227
200654,101211
200697,101190
200740,101165
200783,101134
200826,101125
200869,101128
200912,101130
200955,101142
200998,101158
201041,101189
201084,101212
201127,101225
201170,101244
201213,101254
201256,101262
201299,101266
201342,101258
201385,101253
201428,101253
201471,101248
201514,101245
201557,101228
201600,101211
201643,101203
201686,101179
201729,101150
201772,101132
201815,101121
201858,101134
201901,101150
201944,101171
201987,101190
202030,101216
202073,101227
202116,101236
202159,101249
202202,101255
202245,101257
202288,101254
202331,101252
202374,101245
202417,101239
202460,101223
202503,101209
202546,101196
202589,101171
202632,101159
202675,101145
202718,101142
202761,101136
202804,101143
202847,101162
202890,101187
202933,101211
202976,101216
203019,101231
203062,101246
203105,101252
203148,101249
203191,101260
203234,101256
203277,101256
203320,101244
203363,101241
203406,101232
203449,101208
203492,101194
203535,101169
203578,101150
203621,101142
203664,101144
203707,101151
203750,101164
203793,101170
203836,101191
203879,101207
203922,101218
203965,101234
204008,101242
204051,101249
204094,101252
204137,101253
204180,101253
204223,101247
204266,101239
204309,101223
204352,101210
204395,101185
204438,101164
204481,101146
204524,101143
204567,101137
204610,101143
204653,101150
204696,101163
204739,101187
204782,101211
204825,101220
204868,101234
204911,101249
204954,101254
204997,101254
205040,101262
205083,101257
205126,101247
205169,101241
205212,101237
205255,101219
205298,101210
205341,101196
205384,101174
205427,101162
205470,101150
205513,101138
205556,101143
205599,101131
205642,101118
205685,101141
205728,101173
205771,101204
205814,101217
205857,101233
205900,101256
205943,101257
205986,101256
206029,101254
206072,101248
206115,101246
206158,101243
206201,101218
206244,101208
206287,101184
206330,101155
206373,101143
206416,101136
206459,101148
206502,101147
206545,101175
206588,101195
206631,101213
206674,101219
206717,101237
206760,101244
206803,101255
206846,101260
206889,101258
206932,101253
206975,101251
207018,101244
207061,101222
207104,101210
207147,101194
207190,101172
207233,101156
207276,101151
207319,101154
207362,101163
207405,101162
207448,101184
207491,101201
207534,101216
207577,101229
207620,101247
207663,101269
207706,101270
207749,101272
207792,101258
207835,101253
207878,101246
207921,101239
207964,101227
208007,101216
208050,101204
208093,101164
208136,101144
208179,101140
208222,101143
208265,101157
208308,101181
208351,101211
208394,101219
208437,101225
208480,101238
208523,101251
208566,101258
208609,101254
208652,101250
208695,101251
208738,101246
208781,101239
208824,101217
208867,101209
208910,101184
208953,101161
208996,101148
209039,101139
209082,101139
209125,101141
209168,101149
209211,101166
209254,101194
209297,101209
209340,101224
209383,101237
209426,101251
209469,101259
209512,101257
209555,101251
209598,101253
209641,101244
209684,101245
209727,101224
209770,101207
209813,101179
209856,101149
209899,101141
209942,101134
209985,101152
210028,101179
210071,101204
210114,101217
210157,101239
210200,101251
210243,101250
210286,101255
210329,101253
210372,101250
210415,101248
210458,101243
210501,101236
210544,101217
210587,101201
210630,101165
210673,101148
210716,101147
210759,101149
210802,101159
210845,101168
210888,101187
210931,101206
210974,101217
211017,101231
211060,101251
211103,101260
211146,101265
211189,101272
211232,101263
211275,101263
211318,101254
211361,101239
211404,101218
211447,101189
211490,101161
211533,101137
211576,101127
211619,101140
211662,101157
211705,101174
211748,101198
211791,101218
211834,101233
211877,101249
211920,101260
211963,101258
212006,101257
212049,101258
212092,101258
212135,101246
212178,101233
212221,101212
212264,101189
212307,101155
212350,101133
212393,101140
212436,101145
212479,101149
212522,101157
212565,101181
212608,101206
212651,101215
212694,101225
212737,101238
212780,101252
212823,101257
212866,101253
212909,101255
212952,101245
212995,101240
213038,101230
213081,101216
213124,101206
213167,101187
213210,101169
213253,101154
213296,101148
213339,101151
213382,101158
213425,101171
213468,101184
213511,101213
213554,101220
213597,101235
213640,101251
213683,101256
213726,101257
213769,101256
213812,101245
213855,101249
213898,101235
213941,101213
213984,101190
214027,101169
214070,101155
214113,101149
214156,101150
214199,101154
214242,101164
214285,101177
214328,101198
214371,101213
214414,101228
214457,101238
214500,101251
214543,101256
214586,101258
214629,101262
214672,101251
214715,101245
214758,101235
214801,101209
214844,101187
214887,101167
214930,101153
214973,101142
215016,101142
215059,101152
215102,101173
215145,101203
215188,101216
215231,101227
215274,101241
215317,101252
215360,101264
215403,101269
215446,101267
215489,101259
215532,101250
215575,101237
215618,101211
215661,101195
215704,101175
215747,101151
215790,101133
215833,101144
215876,101147
215919,101168
215962,101189
216005,101215
216048,101227
216091,101236
216134,101251
216177,101265
216220,101265
216263,101261
216306,101260
216349,101247
216392,101216
216435,101193
216478,101163
216521,101144
216564,101136
216607,101145
216650,101155
216693,101169
216736,101188
216779,101200
216822,101211
216865,101221
216908,101232
216951,101246
216994,101251
217037,101262
217080,101258
217123,101253
217166,101248
217209,101233
217252,101214
217295,101201
217338,101185
217381,101168
217424,101167
217467,101157
217510,101148
217553,101143
217596,101154
217639,101171
217682,101186
217725,101208
217768,101215
217811,101230
217854,101236
217897,101252
217940,101248
217983,101245
218026,101248
218069,101236
218112,101228
218155,101215
218198,101218
218241,101192
218284,101176
218327,101157
218370,101142
218413,101148
218456,101156
218499,101157
218542,101179
218585,101201
218628,101213
218671,101222
218714,101242
218757,101264
218800,101272
218843,101268
218886,101264
218929,101252
218972,101249
219015,101236
219058,101208
219101,101190
219144,101170
219187,101159
219230,101146
219273,101145
219316,101155
219359,101165
219402,101179
219445,101200
219488,101214
219531,101231
219574,101250
219617,101261
219660,101267
219703,101269
219746,101261
219789,101257
219832,101244
219875,101228
219918,101216
219961,101188
220004,101156
220047,101137
220090,101137
220133,101137
220176,101145
220219,101153
220262,101183
220305,101209
220348,101227
220391,101246
220434,101256
220477,101271
220520,101268
220563,101258
220606,101259
220649,101261
220692,101251
220735,101227
220778,101211
220821,101186
220864,101161
220907,101143
220950,101136
220993,101147
221036,101163
221079,101170
221122,101187
221165,101201
221208,101207
221251,101230
221294,101244
221337,101247
221380,101254
221423,101250
221466,101250
221509,101246
221552,101239
221595,101228
221638,101209
221681,101185
221724,101158
221767,101135
221810,101126
221853,101147
221896,101166
221939,101190
221982,101205
222025,101213
222068,101221
222111,101233
222154,101247
222197,101254
222240,101250
222283,101262
222326,101251
222369,101247
222412,101236
222455,101221
222498,101208
222541,101188
222584,101171
222627,101161
222670,101141
222713,101137
222756,101145
222799,101159
222842,101174
222885,101187
222928,101211
222971,101216
223014,101227
223057,101248
223100,101256
223143,101262
223186,101259
223229,101257
223272,101241
223315,101232
223358,101217
223401,101204
223444,101178
223487,101146
223530,101141
223573,101144
223616,101152
223659,101170
223702,101180
223745,101189
223788,101202
223831,101207
223874,101226
223917,101243
223960,101254
224003,101259
224046,101259
224089,101248
224132,101246
224175,101244
224218,101229
224261,101212
224304,101187
224347,101164
224390,101160
224433,101149
224476,101141
224519,101145
224562,101151
224605,101181
224648,101203
224691,101211
224734,101229
224777,101247
224820,101251
224863,101256
224906,101258
224949,101255
224992,101244
225035,101235
225078,101222
225121,101210
225164,101208
225207,101183
225250,101164
225293,101148
225336,101149
225379,101150
225422,101160
225465,101182
225508,101196
225551,101209
225594,101220
225637,101240
225680,101253
225723,101263
225766,101265
225809,101259
225852,101259
225895,101244
225938,101237
225981,101222
226024,101216
226067,101191
226110,101169
226153,101160
226196,101152
226239,101143
226282,101142
226325,101152
226368,101162
226411,101175
226454,101188
226497,101207
226540,101212
226583,101233
226626,101246
226669,101257
226712,101258
226755,101254
226798,101252
226841,101242
226884,101229
226927,101220
226970,101204
227013,101196
227056,101176
227099,101163
227142,101155
227185,101153
227228,101162
227271,101176
227314,101186
227357,101204
227400,101209
227443,101217
227486,101235
227529,101241
227572,101257
227615,101268
227658,101263
227701,101261
227744,101251
227787,101243
227830,101217
227873,101206
227916,101188
227959,101165
228002,101148
228045,101140
228088,101142
228131,101147
228174,101155
228217,101174
228260,101201
228303,101211
228346,101221
228389,101241
228432,101258
228475,101269
228518,101257
228561,101256
228604,101251
228647,101241
228690,101231
228733,101209
228776,101186
228819,101165
228862,101148
228905,101140
228948,101141
228991,101148
229034,101168
229077,101189
229120,101194
229163,101214
229206,101234
229249,101246
229292,101259
229335,101262
229378,101265
229421,101253
229464,101244
229507,101236
229550,101212
229593,101194
229636,101173
229679,101149
229722,101141
229765,101141
229808,101162
229851,101182
229894,101207
229937,101210
229980,101228
230023,101243
230066,101248
230109,101251
230152,101254
230195,101256
230238,101248
230281,101232
230324,101223
230367,101214
230410,101197
230453,101175
230496,101146
230539,101137
230582,101146
230625,101158
230668,101170
230711,101188
230754,101206
230797,101217
230840,101222
230883,101238
230926,101254
230969,101267
231012,101272
231055,101268
231098,101257
231141,101246
231184,101230
231227,101206
231270,101179
231313,101140
231356,101129
231399,101131
231442,101147
231485,101163
231528,101180
231571,101196
231614,101204
231657,101210
231700,101223
231743,101245
231786,101257
231829,101266
231872,101265
231915,101264
231958,101251
232001,101240
232044,101216
232087,101197
232130,101163
232173,101148
232216,101135
232259,101130
232302,101141
232345,101165
232388,101192
232431,101211
232474,101223
232517,101229
232560,101252
232603,101269
232646,101273
232689,101272
232732,101263
232775,101251
232818,101248
232861,101228
232904,101216
232947,101183
